{"lr": 0.00016766533066132265, "data_time": 0.005560973111320944, "loss": NaN, "loss_rpn_cls": 0.6857489329927108, "loss_rpn_bbox": 0.08091060118749738, "loss_cls": 0.38325363025069237, "acc": 89.6484375, "loss_bbox": NaN, "time": 0.11253136045792524, "epoch": 1, "iter": 34, "memory": 681, "step": 34}
{"coco/bbox_mAP": 0.0, "coco/bbox_mAP_50": 0.0, "coco/bbox_mAP_75": 0.0, "coco/bbox_mAP_s": 0.0, "coco/bbox_mAP_m": 0.0, "coco/bbox_mAP_l": 0.0, "data_time": 0.00498043789583094, "time": 0.022378009908339557, "step": 1}
{"lr": 0.0003378356713426853, "data_time": 0.002294297218322754, "loss": NaN, "loss_rpn_cls": 0.6461335813999176, "loss_rpn_bbox": 0.07743010442703963, "loss_cls": 0.2784138649702072, "acc": 99.4140625, "loss_bbox": NaN, "time": 0.06181146621704101, "epoch": 2, "iter": 68, "memory": 680, "step": 68}
{"coco/bbox_mAP": 0.005, "coco/bbox_mAP_50": 0.025, "coco/bbox_mAP_75": 0.0, "coco/bbox_mAP_s": 0.0, "coco/bbox_mAP_m": 0.021, "coco/bbox_mAP_l": 0.004, "data_time": 0.0012408759858873156, "time": 0.018478420045640733, "step": 2}
{"lr": 0.0005080060120240482, "data_time": 0.0023424434661865235, "loss": NaN, "loss_rpn_cls": 0.4863983863592148, "loss_rpn_bbox": 0.07962468415498733, "loss_cls": 0.2725194428861141, "acc": 77.734375, "loss_bbox": NaN, "time": 0.060536069869995116, "epoch": 3, "iter": 102, "memory": 680, "step": 102}
{"coco/bbox_mAP": 0.007, "coco/bbox_mAP_50": 0.036, "coco/bbox_mAP_75": 0.0, "coco/bbox_mAP_s": 0.0, "coco/bbox_mAP_m": 0.027, "coco/bbox_mAP_l": 0.0, "data_time": 0.0013202561272515191, "time": 0.018646147516038682, "step": 3}
{"lr": 0.0006781763527054107, "data_time": 0.0023209619522094726, "loss": NaN, "loss_rpn_cls": 0.31448165088891983, "loss_rpn_bbox": 0.08064231504686177, "loss_cls": 0.30092683725059033, "acc": 77.9296875, "loss_bbox": NaN, "time": 0.05945742607116699, "epoch": 4, "iter": 136, "memory": 680, "step": 136}
{"coco/bbox_mAP": 0.022, "coco/bbox_mAP_50": 0.078, "coco/bbox_mAP_75": 0.01, "coco/bbox_mAP_s": 0.0, "coco/bbox_mAP_m": 0.058, "coco/bbox_mAP_l": 0.0, "data_time": 0.0012229945924546984, "time": 0.01739135053422716, "step": 4}
{"lr": 0.0008483466933867732, "data_time": 0.002300138473510742, "loss": NaN, "loss_rpn_cls": 0.277400583550334, "loss_rpn_bbox": 0.08546476870775223, "loss_cls": 0.3168342515081167, "acc": 80.078125, "loss_bbox": NaN, "time": 0.05949811935424805, "epoch": 5, "iter": 170, "memory": 681, "step": 170}
{"coco/bbox_mAP": 0.018, "coco/bbox_mAP_50": 0.078, "coco/bbox_mAP_75": 0.001, "coco/bbox_mAP_s": 0.0, "coco/bbox_mAP_m": 0.05, "coco/bbox_mAP_l": 0.0, "data_time": 0.00125934018029107, "time": 0.017387853728400335, "step": 5}
{"lr": 0.0010185170340681355, "data_time": 0.0023332881927490235, "loss": NaN, "loss_rpn_cls": 0.2629949487000704, "loss_rpn_bbox": 0.07644999243319034, "loss_cls": 0.3135226713120937, "acc": 94.53125, "loss_bbox": NaN, "time": 0.05924215793609619, "epoch": 6, "iter": 204, "memory": 682, "step": 204}
{"coco/bbox_mAP": 0.029, "coco/bbox_mAP_50": 0.127, "coco/bbox_mAP_75": 0.003, "coco/bbox_mAP_s": 0.0, "coco/bbox_mAP_m": 0.075, "coco/bbox_mAP_l": 0.007, "data_time": 0.0012645853890313043, "time": 0.017657544877794053, "step": 6}
{"lr": 0.001188687374749498, "data_time": 0.002328462600708008, "loss": NaN, "loss_rpn_cls": 0.26325826421380044, "loss_rpn_bbox": 0.07573893068358302, "loss_cls": 0.3254833935201168, "acc": 99.609375, "loss_bbox": NaN, "time": 0.05833720684051514, "epoch": 7, "iter": 238, "memory": 681, "step": 238}
{"coco/bbox_mAP": 0.037, "coco/bbox_mAP_50": 0.135, "coco/bbox_mAP_75": 0.014, "coco/bbox_mAP_s": 0.0, "coco/bbox_mAP_m": 0.095, "coco/bbox_mAP_l": 0.05, "data_time": 0.00124865108066135, "time": 0.01763229899936252, "step": 7}
{"lr": 0.0013588577154308604, "data_time": 0.002320261001586914, "loss": NaN, "loss_rpn_cls": 0.23596607014536858, "loss_rpn_bbox": 0.07364656692370772, "loss_cls": 0.31111914172768595, "acc": 78.3203125, "loss_bbox": NaN, "time": 0.05832926750183105, "epoch": 8, "iter": 272, "memory": 682, "step": 272}
{"coco/bbox_mAP": 0.041, "coco/bbox_mAP_50": 0.173, "coco/bbox_mAP_75": 0.002, "coco/bbox_mAP_s": 0.0, "coco/bbox_mAP_m": 0.104, "coco/bbox_mAP_l": 0.007, "data_time": 0.0012540022532145183, "time": 0.01815599865383572, "step": 8}
{"lr": 0.0015290280561122212, "data_time": 0.002302384376525879, "loss": NaN, "loss_rpn_cls": 0.21664501819759607, "loss_rpn_bbox": 0.06931111126672476, "loss_cls": 0.2902711819112301, "acc": 77.1484375, "loss_bbox": NaN, "time": 0.05852057933807373, "epoch": 9, "iter": 306, "memory": 682, "step": 306}
{"coco/bbox_mAP": 0.04, "coco/bbox_mAP_50": 0.142, "coco/bbox_mAP_75": 0.003, "coco/bbox_mAP_s": 0.0, "coco/bbox_mAP_m": 0.101, "coco/bbox_mAP_l": 0.0, "data_time": 0.0012789037492540148, "time": 0.018378284242418077, "step": 9}
{"lr": 0.0016991983967935844, "data_time": 0.0023563385009765627, "loss": NaN, "loss_rpn_cls": 0.21307532642036675, "loss_rpn_bbox": 0.08119006834924221, "loss_cls": 0.2975457305461168, "acc": 96.2890625, "loss_bbox": NaN, "time": 0.05893320083618164, "epoch": 10, "iter": 340, "memory": 682, "step": 340}
{"coco/bbox_mAP": 0.087, "coco/bbox_mAP_50": 0.274, "coco/bbox_mAP_75": 0.027, "coco/bbox_mAP_s": 0.0, "coco/bbox_mAP_m": 0.183, "coco/bbox_mAP_l": 0.0, "data_time": 0.0012254582511054145, "time": 0.01821002695295546, "step": 10}
{"lr": 0.001869368737474946, "data_time": 0.0023189926147460936, "loss": NaN, "loss_rpn_cls": 0.1950763963162899, "loss_rpn_bbox": 0.06947334898635744, "loss_cls": 0.2778379492461681, "acc": 75.0, "loss_bbox": NaN, "time": 0.05838298320770264, "epoch": 11, "iter": 374, "memory": 682, "step": 374}
{"coco/bbox_mAP": 0.096, "coco/bbox_mAP_50": 0.328, "coco/bbox_mAP_75": 0.013, "coco/bbox_mAP_s": 0.001, "coco/bbox_mAP_m": 0.197, "coco/bbox_mAP_l": 0.002, "data_time": 0.0012209018071492512, "time": 0.01802772945827908, "step": 11}
{"lr": 0.0020395390781563095, "data_time": 0.0023058128356933595, "loss": NaN, "loss_rpn_cls": 0.18768673665821553, "loss_rpn_bbox": 0.06776646162383258, "loss_cls": 0.30481267400085926, "acc": 99.609375, "loss_bbox": NaN, "time": 0.05816049575805664, "epoch": 12, "iter": 408, "memory": 682, "step": 408}
{"coco/bbox_mAP": 0.121, "coco/bbox_mAP_50": 0.381, "coco/bbox_mAP_75": 0.026, "coco/bbox_mAP_s": 0.001, "coco/bbox_mAP_m": 0.236, "coco/bbox_mAP_l": 0.003, "data_time": 0.0012610753377278645, "time": 0.018315739101833768, "step": 12}
