{"lr": 0.0025, "data_time": 0.004815922063939711, "loss": NaN, "loss_rpn_cls": 0.508450118934407, "loss_rpn_bbox": 0.08776700540500529, "loss_cls": 0.3499531095080516, "acc": 80.078125, "loss_bbox": NaN, "time": 0.11359962295083438, "epoch": 1, "iter": 34, "memory": 681, "step": 34}
{"coco/bbox_mAP": 0.008, "coco/bbox_mAP_50": 0.035, "coco/bbox_mAP_75": 0.0, "coco/bbox_mAP_s": 0.002, "coco/bbox_mAP_m": 0.035, "coco/bbox_mAP_l": 0.005, "data_time": 0.0051912279690013215, "time": 0.022698458503274357, "step": 1}
{"lr": 0.0025, "data_time": 0.00221527099609375, "loss": NaN, "loss_rpn_cls": 0.31783255338668825, "loss_rpn_bbox": 0.08552425194531679, "loss_cls": 0.3632712058722973, "acc": 75.78125, "loss_bbox": NaN, "time": 0.06309847354888916, "epoch": 2, "iter": 68, "memory": 680, "step": 68}
{"coco/bbox_mAP": 0.027, "coco/bbox_mAP_50": 0.123, "coco/bbox_mAP_75": 0.001, "coco/bbox_mAP_s": 0.0, "coco/bbox_mAP_m": 0.06, "coco/bbox_mAP_l": 0.003, "data_time": 0.0012498166826036242, "time": 0.01747221416897244, "step": 2}
{"lr": 0.0025, "data_time": 0.002164926528930664, "loss": NaN, "loss_rpn_cls": 0.27343462988734246, "loss_rpn_bbox": 0.08443026293069124, "loss_cls": 0.3240733831375837, "acc": 99.4140625, "loss_bbox": NaN, "time": 0.05813349723815918, "epoch": 3, "iter": 102, "memory": 681, "step": 102}
{"coco/bbox_mAP": 0.042, "coco/bbox_mAP_50": 0.165, "coco/bbox_mAP_75": 0.003, "coco/bbox_mAP_s": 0.001, "coco/bbox_mAP_m": 0.101, "coco/bbox_mAP_l": 0.008, "data_time": 0.001232571072048611, "time": 0.017318540149264865, "step": 3}
{"lr": 0.0025, "data_time": 0.002298583984375, "loss": NaN, "loss_rpn_cls": 0.23828339487314223, "loss_rpn_bbox": 0.07851200849749147, "loss_cls": 0.2968171810358763, "acc": 99.609375, "loss_bbox": NaN, "time": 0.05754538536071777, "epoch": 4, "iter": 136, "memory": 682, "step": 136}
{"coco/bbox_mAP": 0.051, "coco/bbox_mAP_50": 0.181, "coco/bbox_mAP_75": 0.007, "coco/bbox_mAP_s": 0.0, "coco/bbox_mAP_m": 0.128, "coco/bbox_mAP_l": 0.005, "data_time": 0.0012674596574571398, "time": 0.01718449592590332, "step": 4}
{"lr": 0.0025, "data_time": 0.0022695207595825194, "loss": NaN, "loss_rpn_cls": 0.20587979674339293, "loss_rpn_bbox": 0.064288912108168, "loss_cls": 0.27730061404407025, "acc": 97.8515625, "loss_bbox": NaN, "time": 0.0579083251953125, "epoch": 5, "iter": 170, "memory": 682, "step": 170}
{"coco/bbox_mAP": 0.131, "coco/bbox_mAP_50": 0.384, "coco/bbox_mAP_75": 0.035, "coco/bbox_mAP_s": 0.001, "coco/bbox_mAP_m": 0.252, "coco/bbox_mAP_l": 0.0, "data_time": 0.0012314584520128039, "time": 0.017340487904018827, "step": 5}
{"lr": 0.0025, "data_time": 0.0022298336029052735, "loss": NaN, "loss_rpn_cls": 0.20772464632987975, "loss_rpn_bbox": 0.06741017181426287, "loss_cls": 0.28566679686307905, "acc": 85.3515625, "loss_bbox": NaN, "time": 0.05777832508087158, "epoch": 6, "iter": 204, "memory": 682, "step": 204}
{"coco/bbox_mAP": 0.056, "coco/bbox_mAP_50": 0.207, "coco/bbox_mAP_75": 0.005, "coco/bbox_mAP_s": 0.001, "coco/bbox_mAP_m": 0.143, "coco/bbox_mAP_l": 0.0, "data_time": 0.0012349022759331597, "time": 0.01798815197414822, "step": 6}
{"lr": 0.0025, "data_time": 0.002210960388183594, "loss": NaN, "loss_rpn_cls": 0.20185589268803597, "loss_rpn_bbox": 0.07346093062311411, "loss_cls": 0.30400694601237777, "acc": 85.3515625, "loss_bbox": NaN, "time": 0.05725733280181885, "epoch": 7, "iter": 238, "memory": 682, "step": 238}
{"coco/bbox_mAP": 0.135, "coco/bbox_mAP_50": 0.414, "coco/bbox_mAP_75": 0.027, "coco/bbox_mAP_s": 0.004, "coco/bbox_mAP_m": 0.275, "coco/bbox_mAP_l": 0.0, "data_time": 0.001267830530802409, "time": 0.018330494562784832, "step": 7}
{"lr": 0.0025, "data_time": 0.0023085784912109373, "loss": NaN, "loss_rpn_cls": 0.19688931241631508, "loss_rpn_bbox": 0.07157681761309505, "loss_cls": 0.30524939149618147, "acc": 97.4609375, "loss_bbox": NaN, "time": 0.05866268157958984, "epoch": 8, "iter": 272, "memory": 682, "step": 272}
{"coco/bbox_mAP": 0.161, "coco/bbox_mAP_50": 0.486, "coco/bbox_mAP_75": 0.025, "coco/bbox_mAP_s": 0.003, "coco/bbox_mAP_m": 0.293, "coco/bbox_mAP_l": 0.005, "data_time": 0.0012225707372029622, "time": 0.017494294378492568, "step": 8}
{"lr": 0.0025, "data_time": 0.0023070812225341798, "loss": NaN, "loss_rpn_cls": 0.17725224871188403, "loss_rpn_bbox": 0.06402161746053026, "loss_cls": 0.26843860127031804, "acc": 97.8515625, "loss_bbox": NaN, "time": 0.0587973690032959, "epoch": 9, "iter": 306, "memory": 682, "step": 306}
{"coco/bbox_mAP": 0.174, "coco/bbox_mAP_50": 0.508, "coco/bbox_mAP_75": 0.029, "coco/bbox_mAP_s": 0.008, "coco/bbox_mAP_m": 0.313, "coco/bbox_mAP_l": 0.0, "data_time": 0.0012897253036499023, "time": 0.017817881372239854, "step": 9}
{"lr": 0.0025, "data_time": 0.0022675323486328123, "loss": NaN, "loss_rpn_cls": 0.15128534834831953, "loss_rpn_bbox": 0.06479279346764087, "loss_cls": 0.26991035155951976, "acc": 80.2734375, "loss_bbox": NaN, "time": 0.058118653297424314, "epoch": 10, "iter": 340, "memory": 682, "step": 340}
{"coco/bbox_mAP": 0.193, "coco/bbox_mAP_50": 0.504, "coco/bbox_mAP_75": 0.066, "coco/bbox_mAP_s": 0.007, "coco/bbox_mAP_m": 0.346, "coco/bbox_mAP_l": 0.016, "data_time": 0.0011877748701307508, "time": 0.01786261134677463, "step": 10}
{"lr": 0.0025, "data_time": 0.002273859977722168, "loss": NaN, "loss_rpn_cls": 0.16007519766688347, "loss_rpn_bbox": 0.06905689320527017, "loss_cls": 0.2691598393023014, "acc": 84.765625, "loss_bbox": NaN, "time": 0.05793269157409668, "epoch": 11, "iter": 374, "memory": 682, "step": 374}
{"coco/bbox_mAP": 0.155, "coco/bbox_mAP_50": 0.516, "coco/bbox_mAP_75": 0.018, "coco/bbox_mAP_s": 0.03, "coco/bbox_mAP_m": 0.265, "coco/bbox_mAP_l": 0.015, "data_time": 0.0012854999966091579, "time": 0.018053505155775283, "step": 11}
{"lr": 0.0025, "data_time": 0.0022465848922729494, "loss": NaN, "loss_rpn_cls": 0.1448348243534565, "loss_rpn_bbox": 0.06320130597800017, "loss_cls": 0.2602639355510473, "acc": 96.484375, "loss_bbox": NaN, "time": 0.057461609840393064, "epoch": 12, "iter": 408, "memory": 682, "step": 408}
{"coco/bbox_mAP": 0.23, "coco/bbox_mAP_50": 0.584, "coco/bbox_mAP_75": 0.078, "coco/bbox_mAP_s": 0.038, "coco/bbox_mAP_m": 0.379, "coco/bbox_mAP_l": 0.008, "data_time": 0.0012660159005059137, "time": 0.017409364382425945, "step": 12}
